<?xml version="1.0" encoding="UTF-8"?>
<project xmlns="http://maven.apache.org/POM/4.0.0" xmlns:xsi="http://www.w3.org/2001/XMLSchema-instance" xsi:schemaLocation="http://maven.apache.org/POM/4.0.0 http://maven.apache.org/maven-v4_0_0.xsd">
  <modelVersion>4.0.0</modelVersion>
  <groupId>com.dsevenx</groupId>
  <artifactId>D7XRestServiceTUser</artifactId>
  <name>D7XRestServiceTUser</name>
  <version>0.0.1-SNAPSHOT</version>
  <build>
    <finalName>D7XRestServiceTUser</finalName>
    <plugins>
      <plugin>
        <artifactId>maven-compiler-plugin</artifactId>
        <version>2.5.1</version>
        <inherited>true</inherited>
        <configuration>
          <source>1.7</source>
          <target>1.7</target>
        </configuration>
      </plugin>
    </plugins>
  </build>
  <dependencies>
    <dependency>
      <groupId>javax.servlet</groupId>
      <artifactId>jsp-api</artifactId>
      <version>2.0</version>
      <scope>provided</scope>
      <exclusions>
        <exclusion>
          <artifactId>servlet-api</artifactId>
          <groupId>javax.servlet</groupId>
        </exclusion>
      </exclusions>
    </dependency>
  </dependencies>
  <dependencyManagement>
    <dependencies>
      <dependency>
        <groupId>org.glassfish.jersey</groupId>
        <artifactId>jersey-bom</artifactId>
        <version>${jersey.version}</version>
        <type>pom</type>
        <scope>import</scope>
      </dependency>
    </dependencies>
  </dependencyManagement>
  <properties>
    <jersey.version>2.16</jersey.version>
    <project.build.sourceEncoding>UTF-8</project.build.sourceEncoding>
  </properties>
</project>
